subject_id,game_difficulty,world_number,time,score,experience,game_status
AL09OL,easy,0,4204.0,15380.0,4,lost
AL09OL,easy,1,32555.0,15380.0,4,won
AL09OL,easy,2,21348.0,15380.0,4,won
AL09OL,easy,3,54597.0,15380.0,4,won
AL09OL,easy,4,33954.0,15380.0,4,won
AL09OL,easy,5,60578.0,15380.0,4,won
AL09OL,easy,6,24499.0,15380.0,4,won
AL09OL,easy,7,11547.0,15380.0,4,lost
AL09OL,easy,8,25900.0,15380.0,4,won
AL09OL,easy,9,52156.0,15380.0,4,won
AL09OL,easy,10,27998.0,15380.0,4,won
AL09OL,easy,11,70038.0,15380.0,4,won
AL09OL,easy,12,35006.0,15380.0,4,won
AL09OL,easy,13,23458.0,15380.0,4,lost
AL09OL,easy,14,74980.0,15380.0,4,timed_out
AL09OL,easy,15,8051.0,15380.0,4,won
AL09OL,easy,16,5245.0,15380.0,4,lost
AL09OL,easy,17,20312.0,15380.0,4,won
AL09OL,easy,18,12246.0,15380.0,4,lost
AL09OL,easy,19,33601.0,15380.0,4,won
AL09OL,normal,0,74975.0,15380.0,4,timed_out
AL09OL,normal,1,74971.0,15380.0,4,timed_out
AL09OL,normal,2,25217.0,15380.0,4,won
AL09OL,normal,3,43408.0,15380.0,4,won
AL09OL,normal,4,61979.0,15380.0,4,won
AL09OL,normal,5,53563.0,15380.0,4,won
AL09OL,normal,6,50757.0,15380.0,4,won
AL09OL,normal,7,2959.0,15380.0,4,lost
AL09OL,normal,8,20307.0,15380.0,4,won
AL09OL,normal,9,25905.0,15380.0,4,won
AL09OL,normal,10,35342.0,15380.0,4,won
AL09OL,normal,11,56033.0,15380.0,4,lost
AL09OL,normal,12,70016.0,15380.0,4,won
AL09OL,normal,13,45170.0,15380.0,4,won
AL09OL,normal,14,32906.0,15380.0,4,won
AL09OL,normal,15,6300.0,15380.0,4,lost
AL09OL,normal,16,30104.0,15380.0,4,won
AL09OL,normal,17,4194.0,15380.0,4,lost
AL09OL,normal,18,45500.0,15380.0,4,won
AL09OL,normal,19,5600.0,15380.0,4,lost
AL09OL,hard,0,74974.0,15380.0,4,timed_out
AL09OL,hard,1,31859.0,15380.0,4,won
AL09OL,hard,2,63365.0,15380.0,4,won
AL09OL,hard,3,56698.0,15380.0,4,lost
AL09OL,hard,4,68958.0,15380.0,4,won
AL09OL,hard,5,5943.0,15380.0,4,lost
AL09OL,hard,6,30445.0,15380.0,4,won
AL09OL,hard,7,6651.0,15380.0,4,lost
AL09OL,hard,8,40240.0,15380.0,4,won
AL09OL,hard,9,72118.0,15380.0,4,lost
AL09OL,hard,10,13646.0,15380.0,4,lost
AL09OL,hard,11,6649.0,15380.0,4,lost
AL09OL,hard,12,6649.0,15380.0,4,lost
AL09OL,hard,13,11208.0,15380.0,4,lost
AL09OL,hard,14,10141.0,15380.0,4,lost
AL09OL,hard,15,52511.0,15380.0,4,won
AL09OL,hard,16,7731.0,15380.0,4,lost
AL09OL,hard,17,14006.0,15380.0,4,lost
AL09OL,hard,18,74968.0,15380.0,4,timed_out
AL09OL,hard,19,11541.0,15380.0,4,lost
AN06AN,easy,0,51450.0,17543.0,4,won
AN06AN,easy,1,43399.0,17543.0,4,won
AN06AN,easy,2,40247.0,17543.0,4,won
AN06AN,easy,3,70353.0,17543.0,4,won
AN06AN,easy,4,34654.0,17543.0,4,won
AN06AN,easy,5,50417.0,17543.0,4,won
AN06AN,easy,6,44792.0,17543.0,4,won
AN06AN,easy,7,23097.0,17543.0,4,won
AN06AN,easy,8,26252.0,17543.0,4,won
AN06AN,easy,9,29395.0,17543.0,4,won
AN06AN,easy,10,25564.0,17543.0,4,won
AN06AN,easy,11,26245.0,17543.0,4,won
AN06AN,easy,12,6648.0,17543.0,4,lost
AN06AN,easy,13,39549.0,17543.0,4,won
AN06AN,easy,14,38151.0,17543.0,4,won
AN06AN,easy,15,35352.0,17543.0,4,won
AN06AN,easy,16,25894.0,17543.0,4,won
AN06AN,easy,17,35691.0,17543.0,4,won
AN06AN,easy,18,65800.0,17543.0,4,won
AN06AN,easy,19,21687.0,17543.0,4,won
AN06AN,normal,0,13300.0,17543.0,4,lost
AN06AN,normal,1,11190.0,17543.0,4,lost
AN06AN,normal,2,74969.0,17543.0,4,timed_out
AN06AN,normal,3,63359.0,17543.0,4,won
AN06AN,normal,4,35004.0,17543.0,4,won
AN06AN,normal,5,25901.0,17543.0,4,won
AN06AN,normal,6,13653.0,17543.0,4,lost
AN06AN,normal,7,44102.0,17543.0,4,won
AN06AN,normal,8,51811.0,17543.0,4,won
AN06AN,normal,9,48318.0,17543.0,4,won
AN06AN,normal,10,63707.0,17543.0,4,won
AN06AN,normal,11,11899.0,17543.0,4,lost
AN06AN,normal,12,18544.0,17543.0,4,lost
AN06AN,normal,13,74981.0,17543.0,4,timed_out
AN06AN,normal,14,40258.0,17543.0,4,won
AN06AN,normal,15,61245.0,17543.0,4,won
AN06AN,normal,16,49693.0,17543.0,4,won
AN06AN,normal,17,47242.0,17543.0,4,won
AN06AN,normal,18,72827.0,17543.0,4,won
AN06AN,normal,19,38500.0,17543.0,4,won
AN06AN,hard,0,13990.0,17543.0,4,lost
AN06AN,hard,1,53905.0,17543.0,4,won
AN06AN,hard,2,12517.0,17543.0,4,lost
AN06AN,hard,3,74978.0,17543.0,4,timed_out
AN06AN,hard,4,71404.0,17543.0,4,won
AN06AN,hard,5,7347.0,17543.0,4,lost
AN06AN,hard,6,9093.0,17543.0,4,lost
AN06AN,hard,7,13989.0,17543.0,4,lost
AN06AN,hard,8,55659.0,17543.0,4,lost
AN06AN,hard,9,10148.0,17543.0,4,lost
AN06AN,hard,10,74974.0,17543.0,4,timed_out
AN06AN,hard,11,9098.0,17543.0,4,lost
AN06AN,hard,12,54251.0,17543.0,4,won
AN06AN,hard,13,41649.0,17543.0,4,won
AN06AN,hard,14,2095.0,17543.0,4,lost
AN06AN,hard,15,54959.0,17543.0,4,won
AN06AN,hard,16,6651.0,17543.0,4,lost
AN06AN,hard,17,19950.0,17543.0,4,lost
AN06AN,hard,18,45145.0,17543.0,4,won
AN06AN,hard,19,74967.0,17543.0,4,timed_out
BE09KE,easy,0,29066.0,18270.0,5,won
BE09KE,easy,1,13305.0,18270.0,5,lost
BE09KE,easy,2,16086.0,18270.0,5,lost
BE09KE,easy,3,70347.0,18270.0,5,won
BE09KE,easy,4,61632.0,18270.0,5,won
BE09KE,easy,5,38520.0,18270.0,5,won
BE09KE,easy,6,17155.0,18270.0,5,lost
BE09KE,easy,7,20989.0,18270.0,5,won
BE09KE,easy,8,23106.0,18270.0,5,won
BE09KE,easy,9,17841.0,18270.0,5,won
BE09KE,easy,10,44475.0,18270.0,5,won
BE09KE,easy,11,39915.0,18270.0,5,won
BE09KE,easy,12,35356.0,18270.0,5,won
BE09KE,easy,13,25891.0,18270.0,5,won
BE09KE,easy,14,38161.0,18270.0,5,won
BE09KE,easy,15,61622.0,18270.0,5,won
BE09KE,easy,16,35346.0,18270.0,5,won
BE09KE,easy,17,60916.0,18270.0,5,won
BE09KE,easy,18,36065.0,18270.0,5,won
BE09KE,easy,19,22741.0,18270.0,5,won
BE09KE,normal,0,11208.0,18270.0,5,lost
BE09KE,normal,1,74981.0,18270.0,5,timed_out
BE09KE,normal,2,23459.0,18270.0,5,lost
BE09KE,normal,3,52532.0,18270.0,5,won
BE09KE,normal,4,26951.0,18270.0,5,won
BE09KE,normal,5,33619.0,18270.0,5,won
BE09KE,normal,6,49709.0,18270.0,5,won
BE09KE,normal,7,32208.0,18270.0,5,won
BE09KE,normal,8,15757.0,18270.0,5,lost
BE09KE,normal,9,25208.0,18270.0,5,won
BE09KE,normal,10,15748.0,18270.0,5,lost
BE09KE,normal,11,51472.0,18270.0,5,lost
BE09KE,normal,12,26250.0,18270.0,5,won
BE09KE,normal,13,2089.0,18270.0,5,lost
BE09KE,normal,14,74968.0,18270.0,5,timed_out
BE09KE,normal,15,45153.0,18270.0,5,won
BE09KE,normal,16,14932.0,18270.0,5,lost
BE09KE,normal,17,28693.0,18270.0,5,won
BE09KE,normal,18,27658.0,18270.0,5,won
BE09KE,normal,19,10149.0,18270.0,5,lost
BE09KE,hard,0,37443.0,18270.0,5,won
BE09KE,hard,1,25209.0,18270.0,5,lost
BE09KE,hard,2,54592.0,18270.0,5,won
BE09KE,hard,3,10144.0,18270.0,5,lost
BE09KE,hard,4,24502.0,18270.0,5,won
BE09KE,hard,5,13297.0,18270.0,5,lost
BE09KE,hard,6,9099.0,18270.0,5,lost
BE09KE,hard,7,30456.0,18270.0,5,lost
BE09KE,hard,8,13641.0,18270.0,5,lost
BE09KE,hard,9,74968.0,18270.0,5,timed_out
BE09KE,hard,10,30110.0,18270.0,5,won
BE09KE,hard,11,27993.0,18270.0,5,won
BE09KE,hard,12,54266.0,18270.0,5,won
BE09KE,hard,13,42689.0,18270.0,5,won
BE09KE,hard,14,74980.0,18270.0,5,timed_out
BE09KE,hard,15,18187.0,18270.0,5,lost
BE09KE,hard,16,16096.0,18270.0,5,lost
BE09KE,hard,17,21682.0,18270.0,5,lost
BE09KE,hard,18,55304.0,18270.0,5,won
BE09KE,hard,19,50046.0,18270.0,5,won
ED06RA,easy,0,36400.0,18259.0,2,won
ED06RA,easy,1,47591.0,18259.0,2,won
ED06RA,easy,2,31478.0,18259.0,2,won
ED06RA,easy,3,4187.0,18259.0,2,lost
ED06RA,easy,4,20628.0,18259.0,2,won
ED06RA,easy,5,62322.0,18259.0,2,won
ED06RA,easy,6,44095.0,18259.0,2,won
ED06RA,easy,7,21677.0,18259.0,2,won
ED06RA,easy,8,22034.0,18259.0,2,won
ED06RA,easy,9,39551.0,18259.0,2,won
ED06RA,easy,10,45500.0,18259.0,2,won
ED06RA,easy,11,25186.0,18259.0,2,won
ED06RA,easy,12,50040.0,18259.0,2,won
ED06RA,easy,13,43761.0,18259.0,2,won
ED06RA,easy,14,57060.0,18259.0,2,won
ED06RA,easy,15,63354.0,18259.0,2,won
ED06RA,easy,16,11182.0,18259.0,2,lost
ED06RA,easy,17,33952.0,18259.0,2,won
ED06RA,easy,18,64073.0,18259.0,2,won
ED06RA,easy,19,32892.0,18259.0,2,won
ED06RA,normal,0,74976.0,18259.0,2,timed_out
ED06RA,normal,1,54950.0,18259.0,2,won
ED06RA,normal,2,68616.0,18259.0,2,won
ED06RA,normal,3,8738.0,18259.0,2,lost
ED06RA,normal,4,22388.0,18259.0,2,lost
ED06RA,normal,5,14672.0,18259.0,2,lost
ED06RA,normal,6,74972.0,18259.0,2,timed_out
ED06RA,normal,7,51812.0,18259.0,2,won
ED06RA,normal,8,74973.0,18259.0,2,timed_out
ED06RA,normal,9,46206.0,18259.0,2,won
ED06RA,normal,10,61614.0,18259.0,2,won
ED06RA,normal,11,36059.0,18259.0,2,won
ED06RA,normal,12,43736.0,18259.0,2,lost
ED06RA,normal,13,48307.0,18259.0,2,won
ED06RA,normal,14,74974.0,18259.0,2,timed_out
ED06RA,normal,15,6635.0,18259.0,2,lost
ED06RA,normal,16,6634.0,18259.0,2,lost
ED06RA,normal,17,8737.0,18259.0,2,lost
ED06RA,normal,18,21008.0,18259.0,2,lost
ED06RA,normal,19,74982.0,18259.0,2,timed_out
ED06RA,hard,0,37786.0,18259.0,2,won
ED06RA,hard,1,12926.0,18259.0,2,lost
ED06RA,hard,2,41642.0,18259.0,2,won
ED06RA,hard,3,39885.0,18259.0,2,won
ED06RA,hard,4,36042.0,18259.0,2,won
ED06RA,hard,5,74975.0,18259.0,2,timed_out
ED06RA,hard,6,9089.0,18259.0,2,lost
ED06RA,hard,7,45846.0,18259.0,2,won
ED06RA,hard,8,5937.0,18259.0,2,lost
ED06RA,hard,9,9086.0,18259.0,2,lost
ED06RA,hard,10,42009.0,18259.0,2,won
ED06RA,hard,11,28344.0,18259.0,2,won
ED06RA,hard,12,18547.0,18259.0,2,lost
ED06RA,hard,13,50832.0,18259.0,2,lost
ED06RA,hard,14,32196.0,18259.0,2,won
ED06RA,hard,15,74977.0,18259.0,2,timed_out
ED06RA,hard,16,74976.0,18259.0,2,timed_out
ED06RA,hard,17,65789.0,18259.0,2,won
ED06RA,hard,18,5378.0,18259.0,2,lost
ED06RA,hard,19,51446.0,18259.0,2,won
GE01IN,easy,0,30091.0,17516.0,1,won
GE01IN,easy,1,8050.0,17516.0,1,lost
GE01IN,easy,2,22396.0,17516.0,1,won
GE01IN,easy,3,32894.0,17516.0,1,won
GE01IN,easy,4,35359.0,17516.0,1,won
GE01IN,easy,5,18561.0,17516.0,1,won
GE01IN,easy,6,63706.0,17516.0,1,won
GE01IN,easy,7,39898.0,17516.0,1,won
GE01IN,easy,8,49367.0,17516.0,1,won
GE01IN,easy,9,30100.0,17516.0,1,won
GE01IN,easy,10,43760.0,17516.0,1,won
GE01IN,easy,11,13660.0,17516.0,1,won
GE01IN,easy,12,48301.0,17516.0,1,won
GE01IN,easy,13,12256.0,17516.0,1,lost
GE01IN,easy,14,39565.0,17516.0,1,won
GE01IN,easy,15,5236.0,17516.0,1,lost
GE01IN,easy,16,35692.0,17516.0,1,won
GE01IN,easy,17,6657.0,17516.0,1,lost
GE01IN,easy,18,16108.0,17516.0,1,lost
GE01IN,easy,19,32910.0,17516.0,1,won
GE01IN,normal,0,34663.0,17516.0,1,won
GE01IN,normal,1,5243.0,17516.0,1,lost
GE01IN,normal,2,46222.0,17516.0,1,won
GE01IN,normal,3,24857.0,17516.0,1,won
GE01IN,normal,4,27299.0,17516.0,1,won
GE01IN,normal,5,34298.0,17516.0,1,won
GE01IN,normal,6,25897.0,17516.0,1,won
GE01IN,normal,7,44106.0,17516.0,1,won
GE01IN,normal,8,39904.0,17516.0,1,won
GE01IN,normal,9,34656.0,17516.0,1,won
GE01IN,normal,10,63711.0,17516.0,1,won
GE01IN,normal,11,35012.0,17516.0,1,won
GE01IN,normal,12,74983.0,17516.0,1,timed_out
GE01IN,normal,13,74217.0,17516.0,1,won
GE01IN,normal,14,47249.0,17516.0,1,won
GE01IN,normal,15,44090.0,17516.0,1,won
GE01IN,normal,16,11188.0,17516.0,1,lost
GE01IN,normal,17,74975.0,17516.0,1,timed_out
GE01IN,normal,18,31512.0,17516.0,1,lost
GE01IN,normal,19,6995.0,17516.0,1,lost
GE01IN,hard,0,28338.0,17516.0,1,won
GE01IN,hard,1,42345.0,17516.0,1,won
GE01IN,hard,2,53915.0,17516.0,1,won
GE01IN,hard,3,6634.0,17516.0,1,lost
GE01IN,hard,4,5229.0,17516.0,1,lost
GE01IN,hard,5,46905.0,17516.0,1,lost
GE01IN,hard,6,32199.0,17516.0,1,won
GE01IN,hard,7,47590.0,17516.0,1,won
GE01IN,hard,8,65104.0,17516.0,1,won
GE01IN,hard,9,5198.0,17516.0,1,lost
GE01IN,hard,10,13308.0,17516.0,1,lost
GE01IN,hard,11,13654.0,17516.0,1,lost
GE01IN,hard,12,42706.0,17516.0,1,won
GE01IN,hard,13,11547.0,17516.0,1,lost
GE01IN,hard,14,43065.0,17516.0,1,lost
GE01IN,hard,15,7659.0,17516.0,1,lost
GE01IN,hard,16,13651.0,17516.0,1,lost
GE01IN,hard,17,7486.0,17516.0,1,lost
GE01IN,hard,18,11544.0,17516.0,1,lost
GE01IN,hard,19,10144.0,17516.0,1,lost
JA06LU,easy,0,36758.0,14278.0,1,won
JA06LU,easy,1,62672.0,14278.0,1,won
JA06LU,easy,2,40597.0,14278.0,1,won
JA06LU,easy,3,70350.0,14278.0,1,won
JA06LU,easy,4,48650.0,14278.0,1,won
JA06LU,easy,5,5249.0,14278.0,1,lost
JA06LU,easy,6,8749.0,14278.0,1,lost
JA06LU,easy,7,35363.0,14278.0,1,won
JA06LU,easy,8,64391.0,14278.0,1,won
JA06LU,easy,9,38515.0,14278.0,1,won
JA06LU,easy,10,25909.0,14278.0,1,won
JA06LU,easy,11,8047.0,14278.0,1,lost
JA06LU,easy,12,4196.0,14278.0,1,lost
JA06LU,easy,13,26946.0,14278.0,1,won
JA06LU,easy,14,4901.0,14278.0,1,lost
JA06LU,easy,15,16798.0,14278.0,1,lost
JA06LU,easy,16,35695.0,14278.0,1,won
JA06LU,easy,17,48307.0,14278.0,1,won
JA06LU,easy,18,74982.0,14278.0,1,timed_out
JA06LU,easy,19,47251.0,14278.0,1,won
JA06LU,normal,0,6230.0,14278.0,1,lost
JA06LU,normal,1,15747.0,14278.0,1,lost
JA06LU,normal,2,48999.0,14278.0,1,won
JA06LU,normal,3,43759.0,14278.0,1,won
JA06LU,normal,4,47269.0,14278.0,1,won
JA06LU,normal,5,20647.0,14278.0,1,lost
JA06LU,normal,6,15746.0,14278.0,1,lost
JA06LU,normal,7,33939.0,14278.0,1,won
JA06LU,normal,8,5206.0,14278.0,1,lost
JA06LU,normal,9,47261.0,14278.0,1,won
JA06LU,normal,10,66157.0,14278.0,1,won
JA06LU,normal,11,27316.0,14278.0,1,won
JA06LU,normal,12,11199.0,14278.0,1,lost
JA06LU,normal,13,5941.0,14278.0,1,lost
JA06LU,normal,14,46905.0,14278.0,1,won
JA06LU,normal,15,60581.0,14278.0,1,won
JA06LU,normal,16,39892.0,14278.0,1,won
JA06LU,normal,17,30445.0,14278.0,1,won
JA06LU,normal,18,18551.0,14278.0,1,lost
JA06LU,normal,19,30099.0,14278.0,1,lost
JA06LU,hard,0,21701.0,14278.0,1,lost
JA06LU,hard,1,74970.0,14278.0,1,timed_out
JA06LU,hard,2,13289.0,14278.0,1,lost
JA06LU,hard,3,20638.0,14278.0,1,lost
JA06LU,hard,4,68983.0,14278.0,1,won
JA06LU,hard,5,11192.0,14278.0,1,lost
JA06LU,hard,6,74976.0,14278.0,1,timed_out
JA06LU,hard,7,50411.0,14278.0,1,won
JA06LU,hard,8,53561.0,14278.0,1,won
JA06LU,hard,9,70012.0,14278.0,1,lost
JA06LU,hard,10,43762.0,14278.0,1,won
JA06LU,hard,11,28690.0,14278.0,1,won
JA06LU,hard,12,6291.0,14278.0,1,lost
JA06LU,hard,13,35689.0,14278.0,1,won
JA06LU,hard,14,66525.0,14278.0,1,won
JA06LU,hard,15,7351.0,14278.0,1,lost
JA06LU,hard,16,5214.0,14278.0,1,lost
JA06LU,hard,17,74970.0,14278.0,1,timed_out
JA06LU,hard,18,10129.0,14278.0,1,lost
JA06LU,hard,19,74979.0,14278.0,1,timed_out
JO03SA,easy,0,16091.0,24119.0,3,won
JO03SA,easy,1,35355.0,24119.0,3,won
JO03SA,easy,2,11901.0,24119.0,3,won
JO03SA,easy,3,23444.0,24119.0,3,won
JO03SA,easy,4,50042.0,24119.0,3,won
JO03SA,easy,5,50416.0,24119.0,3,won
JO03SA,easy,6,6636.0,24119.0,3,lost
JO03SA,easy,7,21347.0,24119.0,3,won
JO03SA,easy,8,49356.0,24119.0,3,won
JO03SA,easy,9,29051.0,24119.0,3,won
JO03SA,easy,10,26248.0,24119.0,3,won
JO03SA,easy,11,28003.0,24119.0,3,won
JO03SA,easy,12,24141.0,24119.0,3,won
JO03SA,easy,13,16093.0,24119.0,3,won
JO03SA,easy,14,26243.0,24119.0,3,won
JO03SA,easy,15,35353.0,24119.0,3,won
JO03SA,easy,16,26238.0,24119.0,3,won
JO03SA,easy,17,22399.0,24119.0,3,won
JO03SA,easy,18,24153.0,24119.0,3,won
JO03SA,easy,19,23800.0,24119.0,3,won
JO03SA,normal,0,43769.0,24119.0,3,won
JO03SA,normal,1,26599.0,24119.0,3,won
JO03SA,normal,2,25203.0,24119.0,3,won
JO03SA,normal,3,34661.0,24119.0,3,won
JO03SA,normal,4,69325.0,24119.0,3,won
JO03SA,normal,5,10491.0,24119.0,3,lost
JO03SA,normal,6,74971.0,24119.0,3,timed_out
JO03SA,normal,7,74969.0,24119.0,3,timed_out
JO03SA,normal,8,51127.0,24119.0,3,won
JO03SA,normal,9,32899.0,24119.0,3,won
JO03SA,normal,10,5328.0,24119.0,3,lost
JO03SA,normal,11,36419.0,24119.0,3,won
JO03SA,normal,12,54254.0,24119.0,3,won
JO03SA,normal,13,5602.0,24119.0,3,lost
JO03SA,normal,14,34291.0,24119.0,3,won
JO03SA,normal,15,46899.0,24119.0,3,won
JO03SA,normal,16,7680.0,24119.0,3,lost
JO03SA,normal,17,27653.0,24119.0,3,won
JO03SA,normal,18,37104.0,24119.0,3,won
JO03SA,normal,19,38856.0,24119.0,3,won
JO03SA,hard,0,65801.0,24119.0,3,won
JO03SA,hard,1,39599.0,24119.0,3,lost
JO03SA,hard,2,20301.0,24119.0,3,won
JO03SA,hard,3,49697.0,24119.0,3,won
JO03SA,hard,4,46208.0,24119.0,3,won
JO03SA,hard,5,31870.0,24119.0,3,won
JO03SA,hard,6,66503.0,24119.0,3,won
JO03SA,hard,7,31151.0,24119.0,3,lost
JO03SA,hard,8,30790.0,24119.0,3,won
JO03SA,hard,9,54943.0,24119.0,3,won
JO03SA,hard,10,74979.0,24119.0,3,timed_out
JO03SA,hard,11,22009.0,24119.0,3,lost
JO03SA,hard,12,74971.0,24119.0,3,timed_out
JO03SA,hard,13,35350.0,24119.0,3,won
JO03SA,hard,14,5218.0,24119.0,3,lost
JO03SA,hard,15,44448.0,24119.0,3,won
JO03SA,hard,16,72810.0,24119.0,3,lost
JO03SA,hard,17,43764.0,24119.0,3,won
JO03SA,hard,18,2093.0,24119.0,3,lost
JO03SA,hard,19,33595.0,24119.0,3,won
KR07HA,easy,0,40605.0,15804.626,3,won
KR07HA,easy,1,6639.0,15804.626,3,lost
KR07HA,easy,2,20289.0,15804.626,3,won
KR07HA,easy,3,52505.0,15804.626,3,won
KR07HA,easy,4,33949.0,15804.626,3,won
KR07HA,easy,5,11530.0,15804.626,3,lost
KR07HA,easy,6,6636.0,15804.626,3,lost
KR07HA,easy,7,25545.0,15804.626,3,lost
KR07HA,easy,8,34652.0,15804.626,3,won
KR07HA,easy,9,29385.0,15804.626,3,won
KR07HA,easy,10,61265.0,15804.626,3,won
KR07HA,easy,11,18185.0,15804.626,3,won
KR07HA,easy,12,23099.0,15804.626,3,won
KR07HA,easy,13,33949.0,15804.626,3,won
KR07HA,easy,14,50050.0,15804.626,3,won
KR07HA,easy,15,74970.0,15804.626,3,timed_out
KR07HA,easy,16,43043.0,15804.626,3,won
KR07HA,easy,17,33596.0,15804.626,3,won
KR07HA,easy,18,22400.0,15804.626,3,won
KR07HA,easy,19,47958.0,15804.626,3,won
KR07HA,normal,0,33603.0,15804.626,3,won
KR07HA,normal,1,66859.0,15804.626,3,won
KR07HA,normal,2,74970.0,15804.626,3,timed_out
KR07HA,normal,3,72128.0,15804.626,3,won
KR07HA,normal,4,26587.0,15804.626,3,won
KR07HA,normal,5,33939.0,15804.626,3,won
KR07HA,normal,6,74974.0,15804.626,3,timed_out
KR07HA,normal,7,41300.0,15804.626,3,won
KR07HA,normal,8,42710.0,15804.626,3,lost
KR07HA,normal,9,74971.0,15804.626,3,timed_out
KR07HA,normal,10,49353.0,15804.626,3,won
KR07HA,normal,11,39207.0,15804.626,3,lost
KR07HA,normal,12,3834.0,15804.626,3,lost
KR07HA,normal,13,61250.0,15804.626,3,won
KR07HA,normal,14,7466.0,15804.626,3,lost
KR07HA,normal,15,25550.0,15804.626,3,won
KR07HA,normal,16,29394.0,15804.626,3,won
KR07HA,normal,17,17488.0,15804.626,3,lost
KR07HA,normal,18,55304.0,15804.626,3,won
KR07HA,normal,19,56016.0,15804.626,3,lost
KR07HA,hard,0,36395.0,15804.626,3,won
KR07HA,hard,1,7327.0,15804.626,3,lost
KR07HA,hard,2,40603.0,15804.626,3,won
KR07HA,hard,3,19935.0,15804.626,3,lost
KR07HA,hard,4,15735.0,15804.626,3,lost
KR07HA,hard,5,21254.0,15804.626,3,lost
KR07HA,hard,6,41306.0,15804.626,3,won
KR07HA,hard,7,11191.0,15804.626,3,lost
KR07HA,hard,8,11192.0,15804.626,3,lost
KR07HA,hard,9,17844.0,15804.626,3,lost
KR07HA,hard,10,15394.0,15804.626,3,lost
KR07HA,hard,11,8729.0,15804.626,3,lost
KR07HA,hard,12,41301.0,15804.626,3,won
KR07HA,hard,13,34298.0,15804.626,3,won
KR07HA,hard,14,24857.0,15804.626,3,lost
KR07HA,hard,15,30806.0,15804.626,3,won
KR07HA,hard,16,20295.0,15804.626,3,lost
KR07HA,hard,17,4183.0,15804.626,3,lost
KR07HA,hard,18,10841.0,15804.626,3,lost
KR07HA,hard,19,40261.0,15804.626,3,won
MA03CL,easy,0,37107.0,22514.0,4,won
MA03CL,easy,1,8755.0,22514.0,4,lost
MA03CL,easy,2,31501.0,22514.0,4,won
MA03CL,easy,3,53907.0,22514.0,4,won
MA03CL,easy,4,47618.0,22514.0,4,won
MA03CL,easy,5,49367.0,22514.0,4,won
MA03CL,easy,6,9098.0,22514.0,4,lost
MA03CL,easy,7,26953.0,22514.0,4,won
MA03CL,easy,8,49005.0,22514.0,4,won
MA03CL,easy,9,51801.0,22514.0,4,won
MA03CL,easy,10,44454.0,22514.0,4,won
MA03CL,easy,11,25208.0,22514.0,4,won
MA03CL,easy,12,49703.0,22514.0,4,won
MA03CL,easy,13,33609.0,22514.0,4,won
MA03CL,easy,14,25208.0,22514.0,4,won
MA03CL,easy,15,13303.0,22514.0,4,lost
MA03CL,easy,16,52846.0,22514.0,4,won
MA03CL,easy,17,22051.0,22514.0,4,won
MA03CL,easy,18,51107.0,22514.0,4,won
MA03CL,easy,19,32548.0,22514.0,4,won
MA03CL,normal,0,13656.0,22514.0,4,lost
MA03CL,normal,1,55660.0,22514.0,4,won
MA03CL,normal,2,74979.0,22514.0,4,timed_out
MA03CL,normal,3,53203.0,22514.0,4,won
MA03CL,normal,4,14655.0,22514.0,4,lost
MA03CL,normal,5,34640.0,22514.0,4,won
MA03CL,normal,6,73524.0,22514.0,4,lost
MA03CL,normal,7,22050.0,22514.0,4,lost
MA03CL,normal,8,54611.0,22514.0,4,won
MA03CL,normal,9,74221.0,22514.0,4,won
MA03CL,normal,10,48306.0,22514.0,4,won
MA03CL,normal,11,60587.0,22514.0,4,won
MA03CL,normal,12,23450.0,22514.0,4,lost
MA03CL,normal,13,50056.0,22514.0,4,won
MA03CL,normal,14,39895.0,22514.0,4,won
MA03CL,normal,15,27299.0,22514.0,4,won
MA03CL,normal,16,29818.0,22514.0,4,won
MA03CL,normal,17,47284.0,22514.0,4,won
MA03CL,normal,18,37104.0,22514.0,4,won
MA03CL,normal,19,38156.0,22514.0,4,won
MA03CL,hard,0,6232.0,22514.0,4,lost
MA03CL,hard,1,7974.0,22514.0,4,lost
MA03CL,hard,2,64772.0,22514.0,4,won
MA03CL,hard,3,47953.0,22514.0,4,won
MA03CL,hard,4,74970.0,22514.0,4,timed_out
MA03CL,hard,5,68259.0,22514.0,4,won
MA03CL,hard,6,31161.0,22514.0,4,won
MA03CL,hard,7,37119.0,22514.0,4,lost
MA03CL,hard,8,63364.0,22514.0,4,won
MA03CL,hard,9,10181.0,22514.0,4,lost
MA03CL,hard,10,53548.0,22514.0,4,won
MA03CL,hard,11,47961.0,22514.0,4,won
MA03CL,hard,12,59157.0,22514.0,4,won
MA03CL,hard,13,14685.0,22514.0,4,lost
MA03CL,hard,14,74972.0,22514.0,4,timed_out
MA03CL,hard,15,53206.0,22514.0,4,won
MA03CL,hard,16,6655.0,22514.0,4,lost
MA03CL,hard,17,63720.0,22514.0,4,won
MA03CL,hard,18,74976.0,22514.0,4,timed_out
MA03CL,hard,19,32899.0,22514.0,4,won
PA05OL,easy,0,14692.0,11946.0,3,lost
PA05OL,easy,1,35013.0,11946.0,3,won
PA05OL,easy,2,21343.0,11946.0,3,won
PA05OL,easy,3,43404.0,11946.0,3,won
PA05OL,easy,4,12595.0,11946.0,3,lost
PA05OL,easy,5,27308.0,11946.0,3,won
PA05OL,easy,6,7685.0,11946.0,3,lost
PA05OL,easy,7,61966.0,11946.0,3,won
PA05OL,easy,8,4191.0,11946.0,3,lost
PA05OL,easy,9,28349.0,11946.0,3,won
PA05OL,easy,10,24515.0,11946.0,3,won
PA05OL,easy,11,13300.0,11946.0,3,won
PA05OL,easy,12,8757.0,11946.0,3,lost
PA05OL,easy,13,28000.0,11946.0,3,won
PA05OL,easy,14,25901.0,11946.0,3,won
PA05OL,easy,15,11909.0,11946.0,3,lost
PA05OL,easy,16,16443.0,11946.0,3,won
PA05OL,easy,17,20294.0,11946.0,3,won
PA05OL,easy,18,35693.0,11946.0,3,won
PA05OL,easy,19,21696.0,11946.0,3,won
PA05OL,normal,0,24154.0,11946.0,3,won
PA05OL,normal,1,13638.0,11946.0,3,lost
PA05OL,normal,2,16105.0,11946.0,3,lost
PA05OL,normal,3,25543.0,11946.0,3,won
PA05OL,normal,4,7341.0,11946.0,3,lost
PA05OL,normal,5,52875.0,11946.0,3,won
PA05OL,normal,6,24863.0,11946.0,3,lost
PA05OL,normal,7,42366.0,11946.0,3,won
PA05OL,normal,8,21694.0,11946.0,3,won
PA05OL,normal,9,74973.0,11946.0,3,timed_out
PA05OL,normal,10,24144.0,11946.0,3,won
PA05OL,normal,11,5214.0,11946.0,3,lost
PA05OL,normal,12,15758.0,11946.0,3,lost
PA05OL,normal,13,16456.0,11946.0,3,lost
PA05OL,normal,14,38506.0,11946.0,3,won
PA05OL,normal,15,26602.0,11946.0,3,won
PA05OL,normal,16,17841.0,11946.0,3,lost
PA05OL,normal,17,4198.0,11946.0,3,lost
PA05OL,normal,18,54268.0,11946.0,3,won
PA05OL,normal,19,35007.0,11946.0,3,lost
PA05OL,hard,0,74971.0,11946.0,3,timed_out
PA05OL,hard,1,70715.0,11946.0,3,won
PA05OL,hard,2,74975.0,11946.0,3,timed_out
PA05OL,hard,3,39557.0,11946.0,3,won
PA05OL,hard,4,23443.0,11946.0,3,lost
PA05OL,hard,5,5215.0,11946.0,3,lost
PA05OL,hard,6,6638.0,11946.0,3,lost
PA05OL,hard,7,74981.0,11946.0,3,timed_out
PA05OL,hard,8,11193.0,11946.0,3,lost
PA05OL,hard,9,15752.0,11946.0,3,lost
PA05OL,hard,10,29051.0,11946.0,3,lost
PA05OL,hard,11,13528.0,11946.0,3,lost
PA05OL,hard,12,2938.0,11946.0,3,lost
PA05OL,hard,13,13996.0,11946.0,3,lost
PA05OL,hard,14,67219.0,11946.0,3,won
PA05OL,hard,15,7674.0,11946.0,3,lost
PA05OL,hard,16,74967.0,11946.0,3,timed_out
PA05OL,hard,17,13502.0,11946.0,3,lost
PA05OL,hard,18,74977.0,11946.0,3,timed_out
PA05OL,hard,19,50765.0,11946.0,3,won
PI10MA,easy,0,36400.0,17521.0,3,won
PI10MA,easy,1,35722.0,17521.0,3,won
PI10MA,easy,2,40609.0,17521.0,3,won
PI10MA,easy,3,44460.0,17521.0,3,won
PI10MA,easy,4,35351.0,17521.0,3,won
PI10MA,easy,5,49714.0,17521.0,3,won
PI10MA,easy,6,43748.0,17521.0,3,won
PI10MA,easy,7,40590.0,17521.0,3,won
PI10MA,easy,8,38510.0,17521.0,3,won
PI10MA,easy,9,38513.0,17521.0,3,won
PI10MA,easy,10,42719.0,17521.0,3,won
PI10MA,easy,11,59169.0,17521.0,3,won
PI10MA,easy,12,35011.0,17521.0,3,won
PI10MA,easy,13,25214.0,17521.0,3,won
PI10MA,easy,14,25191.0,17521.0,3,won
PI10MA,easy,15,35362.0,17521.0,3,won
PI10MA,easy,16,24841.0,17521.0,3,won
PI10MA,easy,17,61618.0,17521.0,3,won
PI10MA,easy,18,10845.0,17521.0,3,lost
PI10MA,easy,19,47268.0,17521.0,3,won
PI10MA,normal,0,12591.0,17521.0,3,lost
PI10MA,normal,1,27999.0,17521.0,3,won
PI10MA,normal,2,8054.0,17521.0,3,lost
PI10MA,normal,3,74975.0,17521.0,3,timed_out
PI10MA,normal,4,33249.0,17521.0,3,won
PI10MA,normal,5,43764.0,17521.0,3,won
PI10MA,normal,6,7948.0,17521.0,3,lost
PI10MA,normal,7,13649.0,17521.0,3,lost
PI10MA,normal,8,63029.0,17521.0,3,won
PI10MA,normal,9,72838.0,17521.0,3,won
PI10MA,normal,10,35700.0,17521.0,3,won
PI10MA,normal,11,5198.0,17521.0,3,lost
PI10MA,normal,12,25896.0,17521.0,3,won
PI10MA,normal,13,63709.0,17521.0,3,won
PI10MA,normal,14,46202.0,17521.0,3,won
PI10MA,normal,15,28698.0,17521.0,3,won
PI10MA,normal,16,8739.0,17521.0,3,lost
PI10MA,normal,17,12237.0,17521.0,3,lost
PI10MA,normal,18,37450.0,17521.0,3,won
PI10MA,normal,19,46543.0,17521.0,3,won
PI10MA,hard,0,11191.0,17521.0,3,lost
PI10MA,hard,1,33243.0,17521.0,3,won
PI10MA,hard,2,42705.0,17521.0,3,won
PI10MA,hard,3,12544.0,17521.0,3,lost
PI10MA,hard,4,4512.0,17521.0,3,lost
PI10MA,hard,5,54238.0,17521.0,3,won
PI10MA,hard,6,54262.0,17521.0,3,won
PI10MA,hard,7,20996.0,17521.0,3,lost
PI10MA,hard,8,74971.0,17521.0,3,timed_out
PI10MA,hard,9,5375.0,17521.0,3,lost
PI10MA,hard,10,18249.0,17521.0,3,lost
PI10MA,hard,11,16086.0,17521.0,3,lost
PI10MA,hard,12,66880.0,17521.0,3,won
PI10MA,hard,13,11195.0,17521.0,3,lost
PI10MA,hard,14,66879.0,17521.0,3,won
PI10MA,hard,15,9097.0,17521.0,3,lost
PI10MA,hard,16,12193.0,17521.0,3,lost
PI10MA,hard,17,32901.0,17521.0,3,lost
PI10MA,hard,18,12541.0,17521.0,3,lost
PI10MA,hard,19,41300.0,17521.0,3,won
TI01NI,easy,0,15737.0,14139.078,3,won
TI01NI,easy,1,34290.0,14139.078,3,won
TI01NI,easy,2,12228.0,14139.078,3,won
TI01NI,easy,3,17834.0,14139.078,3,won
TI01NI,easy,4,19589.0,14139.078,3,won
TI01NI,easy,5,11196.0,14139.078,3,lost
TI01NI,easy,6,8734.0,14139.078,3,lost
TI01NI,easy,7,7653.0,14139.078,3,lost
TI01NI,easy,8,9786.0,14139.078,3,lost
TI01NI,easy,9,38501.0,14139.078,3,won
TI01NI,easy,10,25907.0,14139.078,3,won
TI01NI,easy,11,24848.0,14139.078,3,won
TI01NI,easy,12,12229.0,14139.078,3,won
TI01NI,easy,13,6987.0,14139.078,3,lost
TI01NI,easy,14,67909.0,14139.078,3,won
TI01NI,easy,15,9093.0,14139.078,3,won
TI01NI,easy,16,12236.0,14139.078,3,lost
TI01NI,easy,17,19939.0,14139.078,3,won
TI01NI,easy,18,10832.0,14139.078,3,lost
TI01NI,easy,19,17479.0,14139.078,3,won
TI01NI,normal,0,61606.0,14139.078,3,won
TI01NI,normal,1,4188.0,14139.078,3,lost
TI01NI,normal,2,34305.0,14139.078,3,lost
TI01NI,normal,3,60908.0,14139.078,3,won
TI01NI,normal,4,11537.0,14139.078,3,lost
TI01NI,normal,5,52158.0,14139.078,3,won
TI01NI,normal,6,48648.0,14139.078,3,won
TI01NI,normal,7,29389.0,14139.078,3,lost
TI01NI,normal,8,26934.0,14139.078,3,won
TI01NI,normal,9,32188.0,14139.078,3,won
TI01NI,normal,10,6291.0,14139.078,3,lost
TI01NI,normal,11,44803.0,14139.078,3,won
TI01NI,normal,12,27633.0,14139.078,3,won
TI01NI,normal,13,13992.0,14139.078,3,lost
TI01NI,normal,14,30800.0,14139.078,3,won
TI01NI,normal,15,27633.0,14139.078,3,won
TI01NI,normal,16,15024.0,14139.078,3,lost
TI01NI,normal,17,21337.0,14139.078,3,won
TI01NI,normal,18,35353.0,14139.078,3,won
TI01NI,normal,19,11534.0,14139.078,3,lost
TI01NI,hard,0,14678.0,14139.078,3,lost
TI01NI,hard,1,27632.0,14139.078,3,lost
TI01NI,hard,2,19578.0,14139.078,3,won
TI01NI,hard,3,17488.0,14139.078,3,lost
TI01NI,hard,4,4496.0,14139.078,3,lost
TI01NI,hard,5,8732.0,14139.078,3,lost
TI01NI,hard,6,3839.0,14139.078,3,lost
TI01NI,hard,7,16785.0,14139.078,3,lost
TI01NI,hard,8,688.0,14139.078,3,lost
TI01NI,hard,9,5185.0,14139.078,3,lost
TI01NI,hard,10,24346.0,14139.078,3,lost
TI01NI,hard,11,46884.0,14139.078,3,won
TI01NI,hard,12,40604.0,14139.078,3,won
TI01NI,hard,13,47945.0,14139.078,3,won
TI01NI,hard,14,31161.0,14139.078,3,won
TI01NI,hard,15,40607.0,14139.078,3,won
TI01NI,hard,16,44102.0,14139.078,3,lost
TI01NI,hard,17,6253.0,14139.078,3,lost
TI01NI,hard,18,13629.0,14139.078,3,lost
TI01NI,hard,19,10118.0,14139.078,3,lost
